family,order_1,order_2,order_3,order_4,order_5,order_6,order_7,order_8,order_9,order_10,order_11,order_12,order_13,order_14,order_15,order_16,order_17,order_18,order_19,order_20,order_21,order_22,order_23,order_24,order_25,order_26,order_27,order_28
1,348,491,456,338,439,106,228,130,301,452,495,,,,,,,,,,,,,,,,,
2,433,243,169,331,111,409,322,372,318,302,468,240,346,89,365,421,53,347,29,9,371,237,,,,,,
2,297,465,446,288,3,295,400,441,16,92,206,315,386,434,101,173,255,438,93,215,378,304,,,,,,
2,162,213,204,94,352,321,225,114,174,220,23,197,183,125,103,277,343,330,361,148,141,360,428,307,,,,
2,64,5,350,389,380,415,394,474,292,45,17,379,420,86,457,418,261,324,308,176,436,280,170,476,,,,
3,218,345,136,286,172,335,407,281,139,431,186,422,382,49,46,351,167,164,370,241,419,477,181,342,274,423,449,
1,395,96,412,293,458,309,247,24,264,68,376,104,26,323,326,384,,,,,,,,,,,,
2,81,155,74,195,137,229,19,145,334,221,158,52,466,369,405,179,102,362,357,285,485,100,113,120,,,,
3,2,454,224,203,278,478,6,78,192,69,59,38,401,267,65,487,413,35,107,209,462,122,79,,,,,
3,110,131,161,41,188,455,364,426,108,40,34,459,42,444,154,135,399,408,314,397,416,290,149,336,450,488,20,
3,175,115,251,271,44,366,472,289,12,146,300,150,303,1,90,160,121,257,339,109,470,235,112,84,216,,,
1,232,91,25,190,260,28,263,429,85,269,385,87,249,75,77,147,,,,,,,,,,,,
1,234,140,142,341,246,344,312,325,236,311,340,354,406,55,493,377,168,273,442,469,32,392,152,296,,,,
1,443,473,453,128,283,358,319,214,484,62,83,424,279,151,253,191,489,202,201,,,,,,,,,
3,4,486,165,18,414,127,116,98,144,226,447,233,163,250,187,242,368,231,95,117,157,,,,,,,
1,118,244,403,248,282,483,272,76,30,143,480,404,227,189,129,337,294,124,56,435,268,,,,,,,
2,259,440,374,211,54,15,402,310,217,298,333,82,461,71,48,50,60,258,39,138,390,171,36,27,,,,
2,355,266,492,61,381,287,223,58,196,132,166,99,185,448,430,51,305,417,230,398,105,13,373,353,,,,
2,182,332,238,57,88,72,37,254,156,410,7,252,451,8,387,133,349,490,134,359,437,388,10,208,70,153,275,219
1,482,159,329,363,256,22,199,184,177,11,180,367,14,31,313,119,479,393,33,200,396,73,207,,,,,
2,317,194,327,460,193,262,239,265,205,43,178,427,432,467,63,383,212,123,284,481,276,425,,,,,,
1,299,328,21,97,320,356,198,445,496,222,411,126,66,391,245,210,80,306,316,375,,,,,,,,
1,291,494,471,47,270,67,463,475,464,,,,,,,,,,,,,,,,,,,
